"first","last","salary"
"Reynold","Schmeler","194000"
"Kayli","Stamm","118000"
"Javon","Funk","102000"
"Benedict","Von","39000"
"Rowena","Little","113000"
"Heaven","Aufderhar","187000"
"Nathanial","White","56000"
"Wilhelmine","Murazik","73000"
"Jace","Kovacek","88000"
"Adele","Medhurst","118000"
"Garland","Farrell","172000"
"Marielle","Lockman","186000"
"Cletus","Flatley","125000"
"Julian","Pacocha","23000"
"Guido","Hane","92000"
"Ole","Smith","144000"
"Martina","Wunsch","75000"
"Annamae","Von","125000"
"Skyla","Ratke","135000"
"Alanna","Gerhold","12000"
"Cordie","Pagac","47000"
"Harry","Connelly","101000"
"Connie","Hickle","167000"
"Marilie","Rogahn","28000"
"Rhoda","Hickle","65000"
"Willa","Aufderhar","41000"
"Myrtie","Bahringer","55000"
"Maynard","Lindgren","173000"
"Einar","Blanda","131000"
"Layne","Franecki","58000"
"Kariane","Willms","54000"
"Kirstin","Torphy","19000"
"Cullen","Heathcote","56000"
"Caesar","Schimmel","29000"
"Junius","Weimann","174000"
"Calista","Powlowski","128000"
"Lionel","Parker","152000"
"Micah","Hessel","3000"
"Stephen","Sauer","142000"
"Terrance","Gleichner","104000"
"Nicole","Crooks","46000"
"Connor","Weimann","136000"
"Verda","Huel","156000"
"Ramona","Murphy","195000"
"Betty","Jacobi","8000"
"Skyla","Gottlieb","188000"
"Nora","Jakubowski","180000"
"Emilia","Boehm","39000"
"Johann","Senger","118000"
"Myrtle","Torp","32000"
"Walker","Zieme","67000"
"Flavie","Marks","156000"
"Kenya","Wilderman","130000"
"Kayley","Kling","40000"
"Ambrose","Lind","140000"
"Jody","Considine","97000"
"Gabe","Pacocha","180000"
"Hoyt","Vandervort","157000"
"Ryder","Nitzsche","134000"
"Brando","Considine","177000"
"Milan","Lockman","30000"
"Amari","Stamm","119000"
"Leopold","Wehner","130000"
"Nora","Bradtke","38000"
"Liliana","Spencer","176000"
"Hertha","Dickens","184000"
"Raegan","Leuschke","8000"
"Amara","Effertz","86000"
"Ian","Kuphal","81000"
"Molly","Paucek","131000"
"Jamaal","Homenick","83000"
"Tevin","Abshire","47000"
"Rico","Kuhic","153000"
"Bailee","Cummings","160000"
"Alexandrea","Cronin","160000"
"Jabari","Stracke","191000"
"Maximo","Barrows","88000"
"Myriam","Douglas","151000"
"Nathanial","Treutel","170000"
"Aditya","Swaniawski","88000"
"Angela","Upton","68000"
"Erling","Koelpin","171000"
"Jakob","Ledner","59000"
"Iliana","Kuhn","92000"
"Rickey","Dicki","142000"
"Johanna","Carroll","15000"
"Justice","Lockman","95000"
"Maia","Rosenbaum","133000"
"Ethan","Olson","128000"
"Luna","Brown","117000"
"Rafaela","Brakus","170000"
"Hardy","Koss","3000"
"Leslie","Hudson","93000"
"Madaline","Spinka","108000"
"Ernesto","Kreiger","156000"
"Emmanuelle","Boyer","13000"
"Elna","Kilback","33000"
"Corrine","Heathcote","165000"
"Nicole","Zieme","186000"
"Leann","Wolff","190000"
